{"cameraMode":{"drawMode":0,"name":"Shaded","section":"Shading Mode"},"sceneLighting":true,"audioPlay":false,"sceneViewState":{"showFog":false,"showMaterialUpdate":false,"showSkybox":true,"showFlares":true,"showImageEffects":true,"showParticleSystems":true},"in2DMode":false,"pivot":{"x":264.7284851074219,"y":263.22418212890627,"z":6.443436622619629},"rotation":{"x":-0.04829020798206329,"y":0.005091102793812752,"z":-0.0002461600233800709,"w":-0.9988203644752502},"size":331.2442626953125,"orthographic":false}